-- phpMyAdmin SQL Dump
-- version 5.2.0
-- https://www.phpmyadmin.net/
--
-- Host: 127.0.0.1:4306
-- Generation Time: Feb 02, 2023 at 09:03 AM
-- Server version: 10.4.24-MariaDB
-- PHP Version: 7.4.29

SET SQL_MODE = "NO_AUTO_VALUE_ON_ZERO";
START TRANSACTION;
SET time_zone = "+00:00";


/*!40101 SET @OLD_CHARACTER_SET_CLIENT=@@CHARACTER_SET_CLIENT */;
/*!40101 SET @OLD_CHARACTER_SET_RESULTS=@@CHARACTER_SET_RESULTS */;
/*!40101 SET @OLD_COLLATION_CONNECTION=@@COLLATION_CONNECTION */;
/*!40101 SET NAMES utf8mb4 */;

--
-- Database: `mypos`
--

-- --------------------------------------------------------

--
-- Table structure for table `ou_orderupload`
--

CREATE TABLE `ou_orderupload` (
  `order_id` int(10) NOT NULL,
  `doc_id` int(10) NOT NULL,
  `receipt_id` int(10) NOT NULL,
  `order_cms_id` varchar(10) NOT NULL,
  `order_cms_fullname` varchar(200) NOT NULL,
  `order_cms_company` varchar(100) NOT NULL,
  `order_cms_department` varchar(100) NOT NULL,
  `order_product_id` varchar(20) NOT NULL,
  `order_product_barcode` varchar(200) NOT NULL,
  `order_product_name` varchar(200) NOT NULL,
  `order_mat_group` varchar(20) NOT NULL,
  `order_mat_name` varchar(20) NOT NULL,
  `order_product_qty` varchar(20) NOT NULL,
  `order_price_exc_vat` varchar(10) NOT NULL,
  `order_price_inc_vat` varchar(10) NOT NULL
) ENGINE=InnoDB DEFAULT CHARSET=utf8mb4;

--
-- Dumping data for table `ou_orderupload`
--

INSERT INTO `ou_orderupload` (`order_id`, `doc_id`, `receipt_id`, `order_cms_id`, `order_cms_fullname`, `order_cms_company`, `order_cms_department`, `order_product_id`, `order_product_barcode`, `order_product_name`, `order_mat_group`, `order_mat_name`, `order_product_qty`, `order_price_exc_vat`, `order_price_inc_vat`) VALUES
(99, 0, 0, '', '', '', '', '', '', '', '', '', '', '', ''),
(100, 107, 100, '123213', 'นาย ปากัต ซิงห์ จาวาลา', 'สวทช.', 'Accounting', '4TM26S3569NB042', '2081120435093', 'เสื้อโปโลผู้ชาย สวทช.', 'SK', 'OTHER OUTER', '4', '280.37', '300'),
(101, 107, 100, '123213', 'นาย ปากัต ซิงห์ จาวาลา', 'สวทช.', 'Accounting', '4TW26S3570NB044', '2081120435277', 'เสื้อโปโลผู้หญิง สวทช.', 'SK', 'OTHER OUTER', '3', '280.37', '300'),
(102, 107, 100, '123213', 'นาย ปากัต ซิงห์ จาวาลา', 'สวทช.', 'Accounting', '4TM26S3569WH046', '2081120435192', 'เสื้อโปโลผู้ชาย สวทช.', 'SK', 'OTHER OUTER', '6', '280.37', '300'),
(103, 107, 101, '123001', 'นาย กัมพล ปฐมอรรฆย์กุล', 'สวทช.', 'COM', '4TW26S3570NB034', '2081120435222', 'เสื้อโปโลผู้หญิง สวทช.', 'SK', 'OTHER OUTER', '4', '280.37', '300'),
(104, 107, 101, '123001', 'นาย กัมพล ปฐมอรรฆย์กุล', 'สวทช.', 'COM', '4TM26S3569WH044', '2081120435185', 'เสื้อโปโลผู้ชาย สวทช.', 'SK', 'OTHER OUTER', '5', '280.37', '300'),
(105, 107, 102, '123002', 'นาย ฉัตรมงคล เรืองฐณโรจน์', 'สวทช.', 'COM', '4TW26S3570NB036', '2081120435239', 'เสื้อโปโลผู้หญิง สวทช.', 'SK', 'OTHER OUTER', '4', '280.37', '300'),
(106, 107, 102, '123002', 'นาย ฉัตรมงคล เรืองฐณโรจน์', 'สวทช.', 'COM', '4TW26S3570NB046', '2081120435284', 'เสื้อโปโลผู้หญิง สวทช.', 'SK', 'OTHER OUTER', '3', '280.37', '300'),
(107, 107, 103, '123003', 'นาย กฤษดา กาแมน', 'สวทช.', 'COM', '4TM26S3569WH038', '2081120435154', 'เสื้อโปโลผู้ชาย สวทช.', 'SK', 'OTHER OUTER', '3', '280.37', '300'),
(108, 107, 103, '123003', 'นาย กฤษดา กาแมน', 'สวทช.', 'COM', '4TM26S3569WH044', '2081120435185', 'เสื้อโปโลผู้ชาย สวทช.', 'SK', 'OTHER OUTER', '4', '280.37', '300'),
(109, 107, 104, '123213', 'นาย ปากัต ซิงห์ จาวาลา', 'สวทช.', 'COM', '4TM26S3569NB042', '2081120435093', 'เสื้อโปโลผู้ชาย สวทช.', 'SK', 'OTHER OUTER', '5', '280.37', '300'),
(110, 107, 107, '123213', 'นาย ปากัต ซิงห์ จาวาลา', 'สวทช.', 'COM', '4TM26S3569NB042', '2081120435093', 'เสื้อโปโลผู้ชาย สวทช.', 'SK', 'OTHER OUTER', '4', '280.37', '300'),
(111, 107, 107, '123213', 'นาย ปากัต ซิงห์ จาวาลา', 'สวทช.', 'COM', '4TW26S3570NB044', '2081120435277', 'เสื้อโปโลผู้หญิง สวทช.', 'SK', 'OTHER OUTER', '3', '280.37', '300'),
(112, 107, 108, '123213', 'นาย ปากัต ซิงห์ จาวาลา', 'สวทช.', 'COM', '4TM26S3569NB042', '2081120435093', 'เสื้อโปโลผู้ชาย สวทช.', 'SK', 'OTHER OUTER', '4', '280.37', '300');

-- --------------------------------------------------------

--
-- Table structure for table `tb_company`
--

CREATE TABLE `tb_company` (
  `company_id` int(10) NOT NULL,
  `company_name` varchar(50) NOT NULL
) ENGINE=InnoDB DEFAULT CHARSET=utf8mb4;

--
-- Dumping data for table `tb_company`
--

INSERT INTO `tb_company` (`company_id`, `company_name`) VALUES
(99, '-'),
(100, 'สวทช.'),
(101, 'Ovaltine');

-- --------------------------------------------------------

--
-- Table structure for table `tb_customer`
--

CREATE TABLE `tb_customer` (
  `customer_id` int(10) NOT NULL,
  `customer_code` int(10) NOT NULL,
  `customer_gender` varchar(10) NOT NULL,
  `customer_prefix` varchar(10) NOT NULL,
  `customer_firstname` varchar(50) NOT NULL,
  `customer_lastname` varchar(50) NOT NULL,
  `customer_phone` varchar(10) NOT NULL,
  `date_create` datetime NOT NULL
) ENGINE=InnoDB DEFAULT CHARSET=utf8mb4;

--
-- Dumping data for table `tb_customer`
--

INSERT INTO `tb_customer` (`customer_id`, `customer_code`, `customer_gender`, `customer_prefix`, `customer_firstname`, `customer_lastname`, `customer_phone`, `date_create`) VALUES
(99, 0, '', '', '', '', '', '2023-01-13 02:28:52'),
(100, 19910019, 'หญิง', 'นาง', 'ประภัสสร', ' ทองกิจเลาหชัย', '0810702490', '2023-01-31 08:49:46'),
(101, 19980049, 'ชาย', 'นาย', 'พงษกร', 'พงษ์วัฒนาสุข', '0810702490', '2023-01-31 08:59:04'),
(102, 20150303, 'ชาย', 'Mr.', 'Ramon Sheodore', ' Reyes Villaflor', '0810702490', '2023-01-31 09:40:33'),
(103, 20220817, 'หญิง', 'นางสาว', 'ศิรวณีย์', ' จันทรจตุรงค์', '0810702490', '2023-01-31 09:44:28'),
(104, 20150296, 'ชาย', 'Mr.', ' Charles Arthur', 'Smith', '0810702490', '2023-01-31 09:53:17'),
(105, 20170474, 'ชาย', 'Mr.', 'Putthinat', ' Pastraporn', '0810702490', '2023-01-31 09:59:02'),
(106, 20210776, 'หญิง', 'Ms.', 'Sherilla Daquis', 'Bayona', '0810702490', '2023-01-31 10:00:36'),
(107, 20100131, 'ชาย', 'Mr.', 'Allan Hernandez', 'Roxas', '0810702490', '2023-01-31 10:02:05'),
(108, 20130246, 'หญิง', 'Ms.', 'Low Yit', ' Mei', '0810702490', '2023-01-31 10:03:00'),
(109, 20140261, 'หญิง', 'นางสาว', 'พลอยปภัส ', 'ธนรัตน์ภินันท์', '0810702490', '2023-01-31 10:06:09'),
(110, 20150312, 'หญิง', 'นางสาว', 'ศิริจิต', ' ผดุงเกียรติสกุล', '0810702490', '2023-01-31 10:07:41'),
(111, 20190611, 'ชาย', 'Mr.', 'Demetrios', ' Kalfa', '0810702490', '2023-01-31 10:08:33'),
(112, 20210720, 'หญิง', 'นางสาว', 'วรรณวนัช', ' วิเศษศิริ', '0810702490', '2023-01-31 10:09:18'),
(113, 20160436, 'หญิง', 'นางสาว', 'ณัฐวีณ์', 'วชิรทวีพัฒน์', '0810702490', '2023-01-31 10:10:14'),
(114, 20190606, 'หญิง', 'Ms.', 'Diana Patricia', 'Manulong', '0810702490', '2023-01-31 10:11:54'),
(115, 20200707, 'หญิง', 'Ms.', 'Nhung Hong', 'Bui', '0810702490', '2023-01-31 10:13:23'),
(116, 20150304, 'หญิง', 'Ms.', 'Maria Cielini', ' Lim Reyes', '0810702490', '2023-01-31 10:14:16'),
(117, 20160372, 'ชาย', 'นาย', ' ธีรศักดิ์', ' ผังเมืองดี', '0810702490', '2023-01-31 10:15:13'),
(118, 20190627, 'หญิง', 'Ms.', 'Ngoc Bao Chau', ' Pham', '0810702490', '2023-01-31 10:16:34'),
(119, 20220818, 'หญิง', 'นางสาว', 'อิชยา', ' สุธิราธิกุล', '0810702490', '2023-01-31 10:24:19'),
(120, 20150303, 'ชาย', 'นาย', 'ปากัต ซิงห์', 'จาวาลา', '0810702490', '2023-02-02 01:11:41'),
(121, 123213, 'ชาย', 'นาย', 'ปากัต ซิงห์', 'จาวาลา', '0810702490', '2023-02-02 01:43:55');

-- --------------------------------------------------------

--
-- Table structure for table `tb_department`
--

CREATE TABLE `tb_department` (
  `department_id` int(10) NOT NULL,
  `department_name` varchar(50) NOT NULL,
  `company_id` int(10) NOT NULL,
  `date_create` datetime NOT NULL
) ENGINE=InnoDB DEFAULT CHARSET=utf8mb4;

--
-- Dumping data for table `tb_department`
--

INSERT INTO `tb_department` (`department_id`, `department_name`, `company_id`, `date_create`) VALUES
(99, '-', 0, '2023-01-06 10:02:23'),
(100, 'COM', 100, '2023-01-24 10:16:49'),
(101, 'Accounting', 100, '2023-01-24 10:29:24'),
(102, 'Design', 100, '2023-01-24 10:30:26'),
(103, 'Financial', 100, '2023-01-24 10:30:53'),
(104, 'ไม่ระบุ', 100, '2023-01-30 04:31:05'),
(105, 'SEADM Corporate', 101, '2023-01-31 08:43:19'),
(106, 'Business Development', 101, '2023-01-31 08:43:31'),
(107, 'Business Development - Developing country', 101, '2023-01-31 08:45:40'),
(108, 'Finance', 101, '2023-01-31 08:45:50'),
(109, 'Marketing Ovaltine', 101, '2023-01-31 08:46:01'),
(110, 'Marketing Twinings', 101, '2023-01-31 08:46:10'),
(111, 'ไม่ระบุ', 101, '2023-01-31 09:11:45');

-- --------------------------------------------------------

--
-- Table structure for table `tb_doc`
--

CREATE TABLE `tb_doc` (
  `doc_id` int(10) NOT NULL,
  `date_create` datetime NOT NULL
) ENGINE=InnoDB DEFAULT CHARSET=utf8mb4;

--
-- Dumping data for table `tb_doc`
--

INSERT INTO `tb_doc` (`doc_id`, `date_create`) VALUES
(99, '2023-01-13 00:00:00'),
(100, '2023-01-31 08:49:46'),
(101, '2023-01-31 08:59:04'),
(102, '2023-01-31 09:40:33'),
(103, '2023-01-31 09:44:29'),
(104, '2023-01-31 09:53:17'),
(105, '2023-01-31 09:59:02'),
(106, '2023-01-31 10:00:36'),
(107, '2023-01-31 10:02:05'),
(108, '2023-01-31 10:03:00'),
(109, '2023-01-31 10:06:09'),
(110, '2023-01-31 10:07:41'),
(111, '2023-01-31 10:08:33'),
(112, '2023-01-31 10:09:18'),
(113, '2023-01-31 10:10:15'),
(114, '2023-01-31 10:11:54'),
(115, '2023-01-31 10:13:23'),
(116, '2023-01-31 10:14:16'),
(117, '2023-01-31 10:15:13'),
(118, '2023-01-31 10:16:34'),
(119, '2023-01-31 10:24:19'),
(120, '2023-02-02 01:11:41'),
(121, '2023-02-02 01:43:55');

-- --------------------------------------------------------

--
-- Table structure for table `tb_material`
--

CREATE TABLE `tb_material` (
  `material_id` int(10) NOT NULL,
  `material_name` varchar(50) NOT NULL,
  `material_group` varchar(20) NOT NULL,
  `date_create` datetime NOT NULL
) ENGINE=InnoDB DEFAULT CHARSET=utf8mb4;

--
-- Dumping data for table `tb_material`
--

INSERT INTO `tb_material` (`material_id`, `material_name`, `material_group`, `date_create`) VALUES
(99, '', '', '2023-01-19 03:10:44'),
(100, 'OTHER OUTER', 'SK', '2023-01-24 10:17:36');

-- --------------------------------------------------------

--
-- Table structure for table `tb_order`
--

CREATE TABLE `tb_order` (
  `order_id` int(10) NOT NULL,
  `doc_id` int(10) NOT NULL,
  `customer_id` int(10) NOT NULL,
  `product_id` int(10) NOT NULL,
  `product_qty` int(10) NOT NULL,
  `product_size_other` varchar(10) NOT NULL,
  `department_id` int(10) NOT NULL,
  `company_id` int(10) NOT NULL,
  `date_create` date NOT NULL,
  `order_status` varchar(10) NOT NULL
) ENGINE=InnoDB DEFAULT CHARSET=utf8mb4;

--
-- Dumping data for table `tb_order`
--

INSERT INTO `tb_order` (`order_id`, `doc_id`, `customer_id`, `product_id`, `product_qty`, `product_size_other`, `department_id`, `company_id`, `date_create`, `order_status`) VALUES
(99, 0, 0, 0, 0, '', 0, 0, '2023-01-19', ''),
(100, 100, 100, 103, 3, '000', 105, 101, '2023-01-31', 'new'),
(101, 100, 100, 136, 3, '000', 105, 101, '2023-01-31', 'new'),
(102, 101, 101, 132, 3, '000', 105, 101, '2023-01-31', 'new'),
(103, 101, 101, 134, 4, '000', 105, 101, '2023-01-31', 'new'),
(104, 102, 102, 133, 1, '000', 106, 101, '2023-01-31', 'new'),
(105, 102, 102, 102, 3, '000', 106, 101, '2023-01-31', 'new'),
(106, 102, 102, 104, 3, '000', 106, 101, '2023-01-31', 'new'),
(107, 103, 103, 101, 1, '000', 106, 101, '2023-01-31', 'new'),
(108, 103, 103, 133, 3, '000', 106, 101, '2023-01-31', 'new'),
(109, 104, 104, 136, 1, '000', 107, 101, '2023-01-31', 'new'),
(110, 104, 104, 108, 3, '000', 107, 101, '2023-01-31', 'new'),
(111, 105, 105, 115, 1, '000', 107, 101, '2023-01-31', 'new'),
(112, 105, 105, 138, 2, '000', 107, 101, '2023-01-31', 'new'),
(113, 106, 106, 103, 3, '000', 107, 101, '2023-01-31', 'new'),
(114, 106, 106, 104, 3, '000', 107, 101, '2023-01-31', 'new'),
(115, 107, 107, 112, 5, '000', 108, 101, '2023-01-31', 'new'),
(116, 107, 107, 138, 3, '000', 108, 101, '2023-01-31', 'new'),
(117, 108, 108, 119, 3, '000', 108, 101, '2023-01-31', 'new'),
(118, 108, 108, 120, 3, '000', 108, 101, '2023-01-31', 'new'),
(119, 109, 109, 115, 3, '000', 108, 101, '2023-01-31', 'new'),
(120, 109, 109, 143, 1, '000', 108, 101, '2023-01-31', 'new'),
(121, 110, 110, 102, 3, '000', 108, 101, '2023-01-31', 'new'),
(122, 110, 110, 105, 3, '000', 108, 101, '2023-01-31', 'new'),
(123, 111, 111, 109, 3, '000', 108, 101, '2023-01-31', 'new'),
(124, 111, 111, 137, 3, '000', 108, 101, '2023-01-31', 'new'),
(125, 112, 112, 140, 3, '000', 108, 101, '2023-01-31', 'new'),
(126, 112, 112, 141, 3, '000', 108, 101, '2023-01-31', 'new'),
(127, 113, 113, 141, 3, '000', 109, 101, '2023-01-31', 'new'),
(128, 113, 113, 142, 3, '000', 109, 101, '2023-01-31', 'new'),
(129, 114, 114, 138, 4, '000', 109, 101, '2023-01-31', 'new'),
(130, 114, 114, 140, 4, '000', 109, 101, '2023-01-31', 'new'),
(131, 115, 115, 114, 4, '000', 109, 101, '2023-01-31', 'new'),
(132, 115, 115, 143, 3, '000', 109, 101, '2023-01-31', 'new'),
(133, 116, 116, 138, 3, '000', 110, 101, '2023-01-31', 'new'),
(134, 116, 116, 113, 3, '000', 110, 101, '2023-01-31', 'new'),
(135, 117, 117, 116, 4, '000', 110, 101, '2023-01-31', 'new'),
(136, 117, 117, 118, 4, '000', 110, 101, '2023-01-31', 'new'),
(137, 118, 118, 114, 4, '000', 110, 101, '2023-01-31', 'new'),
(138, 118, 118, 113, 3, '000', 110, 101, '2023-01-31', 'new'),
(139, 119, 119, 116, 4, '000', 108, 101, '2023-01-31', 'new'),
(140, 119, 119, 138, 3, '000', 108, 101, '2023-01-31', 'new'),
(141, 120, 120, 103, 3, '000', 104, 100, '2023-02-02', 'new'),
(142, 121, 121, 103, 4, '032', 104, 100, '2023-02-02', 'new'),
(143, 121, 121, 103, 2, '031', 104, 100, '2023-02-02', 'new');

-- --------------------------------------------------------

--
-- Table structure for table `tb_product`
--

CREATE TABLE `tb_product` (
  `product_id` int(10) NOT NULL,
  `material_id` int(10) NOT NULL,
  `product_group` int(10) NOT NULL,
  `product_mat_no` varchar(30) NOT NULL,
  `product_mat_barcode` varchar(30) NOT NULL,
  `product_mat_name_th` varchar(50) NOT NULL,
  `product_color_id` varchar(30) NOT NULL,
  `product_size_id` varchar(30) NOT NULL,
  `product_sale_price` varchar(30) NOT NULL,
  `product_sale_vat` varchar(30) NOT NULL,
  `product_plant` int(10) NOT NULL,
  `date_create` datetime NOT NULL
) ENGINE=InnoDB DEFAULT CHARSET=utf8mb4;

--
-- Dumping data for table `tb_product`
--

INSERT INTO `tb_product` (`product_id`, `material_id`, `product_group`, `product_mat_no`, `product_mat_barcode`, `product_mat_name_th`, `product_color_id`, `product_size_id`, `product_sale_price`, `product_sale_vat`, `product_plant`, `date_create`) VALUES
(99, 0, 99, '', '', '', '', '', '', '', 0, '2023-01-05 00:00:00'),
(100, 100, 104, '4TM26S3567NV036', '2081120435369', 'เสื้อคอจีนผู้ชาย สวทช.', 'NV', '036', '280.37', '300', 1600, '2023-02-02 02:29:58'),
(101, 100, 104, '4TM26S3567NV038', '2081120435376', 'เสื้อคอจีนผู้ชาย สวทช.', 'NV', '038', '280.37', '300', 1600, '2023-02-02 02:29:58'),
(102, 100, 104, '4TM26S3567NV040', '2081120435383', 'เสื้อคอจีนผู้ชาย สวทช.', 'NV', '040', '280.37', '300', 1600, '2023-02-02 02:29:58'),
(103, 100, 104, '4TM26S3567NV042', '2081120435390', 'เสื้อคอจีนผู้ชาย สวทช.', 'NV', '042', '280.37', '300', 1600, '2023-02-02 02:29:58'),
(104, 100, 104, '4TM26S3567NV044', '2081120435406', 'เสื้อคอจีนผู้ชาย สวทช.', 'NV', '044', '280.37', '300', 1600, '2023-02-02 02:29:58'),
(105, 100, 104, '4TM26S3567NV046', '2081120435413', 'เสื้อคอจีนผู้ชาย สวทช.', 'NV', '046', '280.37', '300', 1600, '2023-02-02 02:29:58'),
(106, 100, 104, '4TM26S3567NV048', '2081120435420', 'เสื้อคอจีนผู้ชาย สวทช.', 'NV', '048', '280.37', '300', 1600, '2023-02-02 02:29:58'),
(107, 100, 104, '4TM26S3567NV052', '2081120435437', 'เสื้อคอจีนผู้ชาย สวทช.', 'NV', '052', '280.37', '300', 1600, '2023-02-02 02:29:58'),
(108, 100, 104, '4TM26S3569NB036', '2081120435062', 'เสื้อโปโลผู้ชาย สวทช.', 'NB', '036', '280.37', '300', 1600, '2023-02-02 02:29:58'),
(109, 100, 104, '4TM26S3569NB038', '2081120435079', 'เสื้อโปโลผู้ชาย สวทช.', 'NB', '038', '280.37', '300', 1600, '2023-02-02 02:29:58'),
(110, 100, 104, '4TM26S3569NB040', '2081120435086', 'เสื้อโปโลผู้ชาย สวทช.', 'NB', '040', '280.37', '300', 1600, '2023-02-02 02:29:58'),
(111, 100, 104, '4TM26S3569NB042', '2081120435093', 'เสื้อโปโลผู้ชาย สวทช.', 'NB', '042', '280.37', '300', 1600, '2023-02-02 02:29:58'),
(112, 100, 104, '4TM26S3569NB044', '2081120435109', 'เสื้อโปโลผู้ชาย สวทช.', 'NB', '044', '280.37', '300', 1600, '2023-02-02 02:29:58'),
(113, 100, 104, '4TM26S3569NB046', '2081120435116', 'เสื้อโปโลผู้ชาย สวทช.', 'NB', '046', '280.37', '300', 1600, '2023-02-02 02:29:58'),
(114, 100, 104, '4TM26S3569NB048', '2081120435123', 'เสื้อโปโลผู้ชาย สวทช.', 'NB', '048', '280.37', '300', 1600, '2023-02-02 02:29:58'),
(115, 100, 104, '4TM26S3569NB052', '2081120435130', 'เสื้อโปโลผู้ชาย สวทช.', 'NB', '052', '280.37', '300', 1600, '2023-02-02 02:29:58'),
(116, 100, 104, '4TM26S3569WH036', '2081120435147', 'เสื้อโปโลผู้ชาย สวทช.', 'WH', '036', '280.37', '300', 1600, '2023-02-02 02:29:58'),
(117, 100, 104, '4TM26S3569WH038', '2081120435154', 'เสื้อโปโลผู้ชาย สวทช.', 'WH', '038', '280.37', '300', 1600, '2023-02-02 02:29:58'),
(118, 100, 104, '4TM26S3569WH040', '2081120435161', 'เสื้อโปโลผู้ชาย สวทช.', 'WH', '040', '280.37', '300', 1600, '2023-02-02 02:29:58'),
(119, 100, 104, '4TM26S3569WH042', '2081120435178', 'เสื้อโปโลผู้ชาย สวทช.', 'WH', '042', '280.37', '300', 1600, '2023-02-02 02:29:58'),
(120, 100, 104, '4TM26S3569WH044', '2081120435185', 'เสื้อโปโลผู้ชาย สวทช.', 'WH', '044', '280.37', '300', 1600, '2023-02-02 02:29:58'),
(121, 100, 104, '4TM26S3569WH046', '2081120435192', 'เสื้อโปโลผู้ชาย สวทช.', 'WH', '046', '280.37', '300', 1600, '2023-02-02 02:29:58'),
(122, 100, 104, '4TM26S3569WH048', '2081120435208', 'เสื้อโปโลผู้ชาย สวทช.', 'WH', '048', '280.37', '300', 1600, '2023-02-02 02:29:58'),
(123, 100, 104, '4TM26S3569WH052', '2081120435215', 'เสื้อโปโลผู้ชาย สวทช.', 'WH', '052', '280.37', '300', 1600, '2023-02-02 02:29:58'),
(124, 100, 104, '4TW26S3568NV034', '2081120435444', 'เสื้อคอจีนผู้หญิง สวทช.', 'NV', '034', '280.37', '300', 1600, '2023-02-02 02:29:58'),
(125, 100, 104, '4TW26S3568NV036', '2081120435451', 'เสื้อคอจีนผู้หญิง สวทช.', 'NV', '036', '280.37', '300', 1600, '2023-02-02 02:29:58'),
(126, 100, 104, '4TW26S3568NV038', '2081120435468', 'เสื้อคอจีนผู้หญิง สวทช.', 'NV', '038', '280.37', '300', 1600, '2023-02-02 02:29:58'),
(127, 100, 104, '4TW26S3568NV040', '2081120435475', 'เสื้อคอจีนผู้หญิง สวทช.', 'NV', '040', '280.37', '300', 1600, '2023-02-02 02:29:58'),
(128, 100, 104, '4TW26S3568NV042', '2081120435482', 'เสื้อคอจีนผู้หญิง สวทช.', 'NV', '042', '280.37', '300', 1600, '2023-02-02 02:29:58'),
(129, 100, 104, '4TW26S3568NV044', '2081120435499', 'เสื้อคอจีนผู้หญิง สวทช.', 'NV', '044', '280.37', '300', 1600, '2023-02-02 02:29:58'),
(130, 100, 104, '4TW26S3568NV046', '2081120435505', 'เสื้อคอจีนผู้หญิง สวทช.', 'NV', '046', '280.37', '300', 1600, '2023-02-02 02:29:58'),
(131, 100, 104, '4TW26S3570NB034', '2081120435222', 'เสื้อโปโลผู้หญิง สวทช.', 'NB', '034', '280.37', '300', 1600, '2023-02-02 02:29:58'),
(132, 100, 104, '4TW26S3570NB036', '2081120435239', 'เสื้อโปโลผู้หญิง สวทช.', 'NB', '036', '280.37', '300', 1600, '2023-02-02 02:29:58'),
(133, 100, 104, '4TW26S3570NB038', '2081120435246', 'เสื้อโปโลผู้หญิง สวทช.', 'NB', '038', '280.37', '300', 1600, '2023-02-02 02:29:58'),
(134, 100, 104, '4TW26S3570NB040', '2081120435253', 'เสื้อโปโลผู้หญิง สวทช.', 'NB', '040', '280.37', '300', 1600, '2023-02-02 02:29:58'),
(135, 100, 104, '4TW26S3570NB042', '2081120435260', 'เสื้อโปโลผู้หญิง สวทช.', 'NB', '042', '280.37', '300', 1600, '2023-02-02 02:29:58'),
(136, 100, 104, '4TW26S3570NB044', '2081120435277', 'เสื้อโปโลผู้หญิง สวทช.', 'NB', '044', '280.37', '300', 1600, '2023-02-02 02:29:58'),
(137, 100, 104, '4TW26S3570NB046', '2081120435284', 'เสื้อโปโลผู้หญิง สวทช.', 'NB', '046', '280.37', '300', 1600, '2023-02-02 02:29:58'),
(138, 100, 104, '4TW26S3570WH034', '2081120435291', 'เสื้อโปโลผู้หญิง สวทช.', 'WH', '034', '280.37', '300', 1600, '2023-02-02 02:29:58'),
(139, 100, 104, '4TW26S3570WH036', '2081120435307', 'เสื้อโปโลผู้หญิง สวทช.', 'WH', '036', '280.37', '300', 1600, '2023-02-02 02:29:58'),
(140, 100, 104, '4TW26S3570WH038', '2081120435314', 'เสื้อโปโลผู้หญิง สวทช.', 'WH', '038', '280.37', '300', 1600, '2023-02-02 02:29:58'),
(141, 100, 104, '4TW26S3570WH040', '2081120435321', 'เสื้อโปโลผู้หญิง สวทช.', 'WH', '040', '280.37', '300', 1600, '2023-02-02 02:29:58'),
(142, 100, 104, '4TW26S3570WH042', '2081120435338', 'เสื้อโปโลผู้หญิง สวทช.', 'WH', '042', '280.37', '300', 1600, '2023-02-02 02:29:58'),
(143, 100, 104, '4TW26S3570WH044', '2081120435345', 'เสื้อโปโลผู้หญิง สวทช.', 'WH', '044', '280.37', '300', 1600, '2023-02-02 02:29:58'),
(144, 100, 104, '4TW26S3570WH046', '2081120435352', 'เสื้อโปโลผู้หญิง สวทช.', 'WH', '046', '280.37', '300', 1600, '2023-02-02 02:29:58');

--
-- Indexes for dumped tables
--

--
-- Indexes for table `ou_orderupload`
--
ALTER TABLE `ou_orderupload`
  ADD PRIMARY KEY (`order_id`),
  ADD KEY `doc_id` (`doc_id`);

--
-- Indexes for table `tb_company`
--
ALTER TABLE `tb_company`
  ADD PRIMARY KEY (`company_id`);

--
-- Indexes for table `tb_customer`
--
ALTER TABLE `tb_customer`
  ADD PRIMARY KEY (`customer_id`);

--
-- Indexes for table `tb_department`
--
ALTER TABLE `tb_department`
  ADD PRIMARY KEY (`department_id`),
  ADD KEY `company_id` (`company_id`);

--
-- Indexes for table `tb_doc`
--
ALTER TABLE `tb_doc`
  ADD PRIMARY KEY (`doc_id`);

--
-- Indexes for table `tb_material`
--
ALTER TABLE `tb_material`
  ADD PRIMARY KEY (`material_id`);

--
-- Indexes for table `tb_order`
--
ALTER TABLE `tb_order`
  ADD PRIMARY KEY (`order_id`),
  ADD KEY `user_id` (`customer_id`),
  ADD KEY `product_id` (`product_id`),
  ADD KEY `department_id` (`company_id`),
  ADD KEY `doc_id` (`doc_id`),
  ADD KEY `department_id_2` (`department_id`);

--
-- Indexes for table `tb_product`
--
ALTER TABLE `tb_product`
  ADD PRIMARY KEY (`product_id`),
  ADD KEY `product_mat_no` (`product_mat_no`,`product_mat_barcode`),
  ADD KEY `material_id` (`material_id`);
COMMIT;

/*!40101 SET CHARACTER_SET_CLIENT=@OLD_CHARACTER_SET_CLIENT */;
/*!40101 SET CHARACTER_SET_RESULTS=@OLD_CHARACTER_SET_RESULTS */;
/*!40101 SET COLLATION_CONNECTION=@OLD_COLLATION_CONNECTION */;
