-- phpMyAdmin SQL Dump
-- version 5.2.0
-- https://www.phpmyadmin.net/
--
-- Host: 127.0.0.1:4306
-- Generation Time: Feb 01, 2023 at 03:21 AM
-- Server version: 10.4.24-MariaDB
-- PHP Version: 7.4.29

SET SQL_MODE = "NO_AUTO_VALUE_ON_ZERO";
START TRANSACTION;
SET time_zone = "+00:00";


/*!40101 SET @OLD_CHARACTER_SET_CLIENT=@@CHARACTER_SET_CLIENT */;
/*!40101 SET @OLD_CHARACTER_SET_RESULTS=@@CHARACTER_SET_RESULTS */;
/*!40101 SET @OLD_COLLATION_CONNECTION=@@COLLATION_CONNECTION */;
/*!40101 SET NAMES utf8mb4 */;

--
-- Database: `mypos`
--

-- --------------------------------------------------------

--
-- Table structure for table `ou_orderupload`
--

CREATE TABLE `ou_orderupload` (
  `order_id` int(10) NOT NULL,
  `doc_id` int(10) NOT NULL,
  `receipt_id` int(10) NOT NULL,
  `order_cms_id` varchar(10) NOT NULL,
  `order_cms_fullname` varchar(200) NOT NULL,
  `order_cms_company` varchar(100) NOT NULL,
  `order_cms_department` varchar(100) NOT NULL,
  `order_product_id` varchar(20) NOT NULL,
  `order_product_barcode` varchar(200) NOT NULL,
  `order_product_name` varchar(200) NOT NULL,
  `order_mat_group` varchar(20) NOT NULL,
  `order_mat_name` varchar(20) NOT NULL,
  `order_product_qty` varchar(20) NOT NULL,
  `order_price_exc_vat` varchar(10) NOT NULL,
  `order_price_inc_vat` varchar(10) NOT NULL
) ENGINE=InnoDB DEFAULT CHARSET=utf8mb4;

--
-- Dumping data for table `ou_orderupload`
--

INSERT INTO `ou_orderupload` (`order_id`, `doc_id`, `receipt_id`, `order_cms_id`, `order_cms_fullname`, `order_cms_company`, `order_cms_department`, `order_product_id`, `order_product_barcode`, `order_product_name`, `order_mat_group`, `order_mat_name`, `order_product_qty`, `order_price_exc_vat`, `order_price_inc_vat`) VALUES
(99, 0, 0, '', '', '', '', '', '', '', '', '', '', '', ''),
(100, 107, 100, '123213', 'นาย ปากัต ซิงห์ จาวาลา', 'สวทช.', 'Accounting', '4TM26S3569NB042', '2081120435093', 'เสื้อโปโลผู้ชาย สวทช.', 'SK', 'OTHER OUTER', '4', '280.37', '300'),
(101, 107, 100, '123213', 'นาย ปากัต ซิงห์ จาวาลา', 'สวทช.', 'Accounting', '4TW26S3570NB044', '2081120435277', 'เสื้อโปโลผู้หญิง สวทช.', 'SK', 'OTHER OUTER', '3', '280.37', '300'),
(102, 107, 100, '123213', 'นาย ปากัต ซิงห์ จาวาลา', 'สวทช.', 'Accounting', '4TM26S3569WH046', '2081120435192', 'เสื้อโปโลผู้ชาย สวทช.', 'SK', 'OTHER OUTER', '6', '280.37', '300'),
(103, 107, 101, '123001', 'นาย กัมพล ปฐมอรรฆย์กุล', 'สวทช.', 'COM', '4TW26S3570NB034', '2081120435222', 'เสื้อโปโลผู้หญิง สวทช.', 'SK', 'OTHER OUTER', '4', '280.37', '300'),
(104, 107, 101, '123001', 'นาย กัมพล ปฐมอรรฆย์กุล', 'สวทช.', 'COM', '4TM26S3569WH044', '2081120435185', 'เสื้อโปโลผู้ชาย สวทช.', 'SK', 'OTHER OUTER', '5', '280.37', '300'),
(105, 107, 102, '123002', 'นาย ฉัตรมงคล เรืองฐณโรจน์', 'สวทช.', 'COM', '4TW26S3570NB036', '2081120435239', 'เสื้อโปโลผู้หญิง สวทช.', 'SK', 'OTHER OUTER', '4', '280.37', '300'),
(106, 107, 102, '123002', 'นาย ฉัตรมงคล เรืองฐณโรจน์', 'สวทช.', 'COM', '4TW26S3570NB046', '2081120435284', 'เสื้อโปโลผู้หญิง สวทช.', 'SK', 'OTHER OUTER', '3', '280.37', '300'),
(107, 107, 103, '123003', 'นาย กฤษดา กาแมน', 'สวทช.', 'COM', '4TM26S3569WH038', '2081120435154', 'เสื้อโปโลผู้ชาย สวทช.', 'SK', 'OTHER OUTER', '3', '280.37', '300'),
(108, 107, 103, '123003', 'นาย กฤษดา กาแมน', 'สวทช.', 'COM', '4TM26S3569WH044', '2081120435185', 'เสื้อโปโลผู้ชาย สวทช.', 'SK', 'OTHER OUTER', '4', '280.37', '300'),
(109, 107, 104, '123213', 'นาย ปากัต ซิงห์ จาวาลา', 'สวทช.', 'COM', '4TM26S3569NB042', '2081120435093', 'เสื้อโปโลผู้ชาย สวทช.', 'SK', 'OTHER OUTER', '5', '280.37', '300'),
(110, 107, 107, '123213', 'นาย ปากัต ซิงห์ จาวาลา', 'สวทช.', 'COM', '4TM26S3569NB042', '2081120435093', 'เสื้อโปโลผู้ชาย สวทช.', 'SK', 'OTHER OUTER', '4', '280.37', '300'),
(111, 107, 107, '123213', 'นาย ปากัต ซิงห์ จาวาลา', 'สวทช.', 'COM', '4TW26S3570NB044', '2081120435277', 'เสื้อโปโลผู้หญิง สวทช.', 'SK', 'OTHER OUTER', '3', '280.37', '300'),
(112, 107, 108, '123213', 'นาย ปากัต ซิงห์ จาวาลา', 'สวทช.', 'COM', '4TM26S3569NB042', '2081120435093', 'เสื้อโปโลผู้ชาย สวทช.', 'SK', 'OTHER OUTER', '4', '280.37', '300');

-- --------------------------------------------------------

--
-- Table structure for table `tb_company`
--

CREATE TABLE `tb_company` (
  `company_id` int(10) NOT NULL,
  `company_name` varchar(50) NOT NULL
) ENGINE=InnoDB DEFAULT CHARSET=utf8mb4;

--
-- Dumping data for table `tb_company`
--

INSERT INTO `tb_company` (`company_id`, `company_name`) VALUES
(99, '-'),
(100, 'สวทช.'),
(101, 'Ovaltine');

-- --------------------------------------------------------

--
-- Table structure for table `tb_customer`
--

CREATE TABLE `tb_customer` (
  `customer_id` int(10) NOT NULL,
  `customer_code` int(10) NOT NULL,
  `customer_gender` varchar(10) NOT NULL,
  `customer_prefix` varchar(10) NOT NULL,
  `customer_firstname` varchar(50) NOT NULL,
  `customer_lastname` varchar(50) NOT NULL,
  `customer_phone` varchar(10) NOT NULL,
  `date_create` datetime NOT NULL
) ENGINE=InnoDB DEFAULT CHARSET=utf8mb4;

--
-- Dumping data for table `tb_customer`
--

INSERT INTO `tb_customer` (`customer_id`, `customer_code`, `customer_gender`, `customer_prefix`, `customer_firstname`, `customer_lastname`, `customer_phone`, `date_create`) VALUES
(99, 0, '', '', '', '', '', '2023-01-13 02:28:52'),
(100, 19910019, 'หญิง', 'นาง', 'ประภัสสร', ' ทองกิจเลาหชัย', '0810702490', '2023-01-31 08:49:46'),
(101, 19980049, 'ชาย', 'นาย', 'พงษกร', 'พงษ์วัฒนาสุข', '0810702490', '2023-01-31 08:59:04'),
(102, 20150303, 'ชาย', 'Mr.', 'Ramon Sheodore', ' Reyes Villaflor', '0810702490', '2023-01-31 09:40:33'),
(103, 20220817, 'หญิง', 'นางสาว', 'ศิรวณีย์', ' จันทรจตุรงค์', '0810702490', '2023-01-31 09:44:28'),
(104, 20150296, 'ชาย', 'Mr.', ' Charles Arthur', 'Smith', '0810702490', '2023-01-31 09:53:17'),
(105, 20170474, 'ชาย', 'Mr.', 'Putthinat', ' Pastraporn', '0810702490', '2023-01-31 09:59:02'),
(106, 20210776, 'หญิง', 'Ms.', 'Sherilla Daquis', 'Bayona', '0810702490', '2023-01-31 10:00:36'),
(107, 20100131, 'ชาย', 'Mr.', 'Allan Hernandez', 'Roxas', '0810702490', '2023-01-31 10:02:05'),
(108, 20130246, 'หญิง', 'Ms.', 'Low Yit', ' Mei', '0810702490', '2023-01-31 10:03:00'),
(109, 20140261, 'หญิง', 'นางสาว', 'พลอยปภัส ', 'ธนรัตน์ภินันท์', '0810702490', '2023-01-31 10:06:09'),
(110, 20150312, 'หญิง', 'นางสาว', 'ศิริจิต', ' ผดุงเกียรติสกุล', '0810702490', '2023-01-31 10:07:41'),
(111, 20190611, 'ชาย', 'Mr.', 'Demetrios', ' Kalfa', '0810702490', '2023-01-31 10:08:33'),
(112, 20210720, 'หญิง', 'นางสาว', 'วรรณวนัช', ' วิเศษศิริ', '0810702490', '2023-01-31 10:09:18'),
(113, 20160436, 'หญิง', 'นางสาว', 'ณัฐวีณ์', 'วชิรทวีพัฒน์', '0810702490', '2023-01-31 10:10:14'),
(114, 20190606, 'หญิง', 'Ms.', 'Diana Patricia', 'Manulong', '0810702490', '2023-01-31 10:11:54'),
(115, 20200707, 'หญิง', 'Ms.', 'Nhung Hong', 'Bui', '0810702490', '2023-01-31 10:13:23'),
(116, 20150304, 'หญิง', 'Ms.', 'Maria Cielini', ' Lim Reyes', '0810702490', '2023-01-31 10:14:16'),
(117, 20160372, 'ชาย', 'นาย', ' ธีรศักดิ์', ' ผังเมืองดี', '0810702490', '2023-01-31 10:15:13'),
(118, 20190627, 'หญิง', 'Ms.', 'Ngoc Bao Chau', ' Pham', '0810702490', '2023-01-31 10:16:34'),
(119, 20220818, 'หญิง', 'นางสาว', 'อิชยา', ' สุธิราธิกุล', '0810702490', '2023-01-31 10:24:19');

-- --------------------------------------------------------

--
-- Table structure for table `tb_department`
--

CREATE TABLE `tb_department` (
  `department_id` int(10) NOT NULL,
  `department_name` varchar(50) NOT NULL,
  `company_id` int(10) NOT NULL,
  `date_create` datetime NOT NULL
) ENGINE=InnoDB DEFAULT CHARSET=utf8mb4;

--
-- Dumping data for table `tb_department`
--

INSERT INTO `tb_department` (`department_id`, `department_name`, `company_id`, `date_create`) VALUES
(99, '-', 0, '2023-01-06 10:02:23'),
(100, 'COM', 100, '2023-01-24 10:16:49'),
(101, 'Accounting', 100, '2023-01-24 10:29:24'),
(102, 'Design', 100, '2023-01-24 10:30:26'),
(103, 'Financial', 100, '2023-01-24 10:30:53'),
(104, 'ไม่ระบุ', 100, '2023-01-30 04:31:05'),
(105, 'SEADM Corporate', 101, '2023-01-31 08:43:19'),
(106, 'Business Development', 101, '2023-01-31 08:43:31'),
(107, 'Business Development - Developing country', 101, '2023-01-31 08:45:40'),
(108, 'Finance', 101, '2023-01-31 08:45:50'),
(109, 'Marketing Ovaltine', 101, '2023-01-31 08:46:01'),
(110, 'Marketing Twinings', 101, '2023-01-31 08:46:10'),
(111, 'ไม่ระบุ', 101, '2023-01-31 09:11:45');

-- --------------------------------------------------------

--
-- Table structure for table `tb_doc`
--

CREATE TABLE `tb_doc` (
  `doc_id` int(10) NOT NULL,
  `date_create` datetime NOT NULL
) ENGINE=InnoDB DEFAULT CHARSET=utf8mb4;

--
-- Dumping data for table `tb_doc`
--

INSERT INTO `tb_doc` (`doc_id`, `date_create`) VALUES
(99, '2023-01-13 00:00:00'),
(100, '2023-01-31 08:49:46'),
(101, '2023-01-31 08:59:04'),
(102, '2023-01-31 09:40:33'),
(103, '2023-01-31 09:44:29'),
(104, '2023-01-31 09:53:17'),
(105, '2023-01-31 09:59:02'),
(106, '2023-01-31 10:00:36'),
(107, '2023-01-31 10:02:05'),
(108, '2023-01-31 10:03:00'),
(109, '2023-01-31 10:06:09'),
(110, '2023-01-31 10:07:41'),
(111, '2023-01-31 10:08:33'),
(112, '2023-01-31 10:09:18'),
(113, '2023-01-31 10:10:15'),
(114, '2023-01-31 10:11:54'),
(115, '2023-01-31 10:13:23'),
(116, '2023-01-31 10:14:16'),
(117, '2023-01-31 10:15:13'),
(118, '2023-01-31 10:16:34'),
(119, '2023-01-31 10:24:19');

-- --------------------------------------------------------

--
-- Table structure for table `tb_material`
--

CREATE TABLE `tb_material` (
  `material_id` int(10) NOT NULL,
  `material_name` varchar(50) NOT NULL,
  `material_group` varchar(20) NOT NULL,
  `date_create` datetime NOT NULL
) ENGINE=InnoDB DEFAULT CHARSET=utf8mb4;

--
-- Dumping data for table `tb_material`
--

INSERT INTO `tb_material` (`material_id`, `material_name`, `material_group`, `date_create`) VALUES
(99, '', '', '2023-01-19 03:10:44'),
(100, 'OTHER OUTER', 'SK', '2023-01-24 10:17:36');

-- --------------------------------------------------------

--
-- Table structure for table `tb_order`
--

CREATE TABLE `tb_order` (
  `order_id` int(10) NOT NULL,
  `doc_id` int(10) NOT NULL,
  `customer_id` int(10) NOT NULL,
  `product_id` int(10) NOT NULL,
  `product_qty` int(10) NOT NULL,
  `department_id` int(10) NOT NULL,
  `company_id` int(10) NOT NULL,
  `date_create` date NOT NULL,
  `order_status` varchar(10) NOT NULL
) ENGINE=InnoDB DEFAULT CHARSET=utf8mb4;

--
-- Dumping data for table `tb_order`
--

INSERT INTO `tb_order` (`order_id`, `doc_id`, `customer_id`, `product_id`, `product_qty`, `department_id`, `company_id`, `date_create`, `order_status`) VALUES
(99, 0, 0, 0, 0, 0, 0, '2023-01-19', ''),
(100, 100, 100, 103, 3, 105, 101, '2023-01-31', 'new'),
(101, 100, 100, 136, 3, 105, 101, '2023-01-31', 'new'),
(102, 101, 101, 132, 3, 105, 101, '2023-01-31', 'new'),
(103, 101, 101, 134, 4, 105, 101, '2023-01-31', 'new'),
(104, 102, 102, 133, 1, 106, 101, '2023-01-31', 'new'),
(105, 102, 102, 102, 3, 106, 101, '2023-01-31', 'new'),
(106, 102, 102, 104, 3, 106, 101, '2023-01-31', 'new'),
(107, 103, 103, 101, 1, 106, 101, '2023-01-31', 'new'),
(108, 103, 103, 133, 3, 106, 101, '2023-01-31', 'new'),
(109, 104, 104, 136, 1, 107, 101, '2023-01-31', 'new'),
(110, 104, 104, 108, 3, 107, 101, '2023-01-31', 'new'),
(111, 105, 105, 115, 1, 107, 101, '2023-01-31', 'new'),
(112, 105, 105, 138, 2, 107, 101, '2023-01-31', 'new'),
(113, 106, 106, 103, 3, 107, 101, '2023-01-31', 'new'),
(114, 106, 106, 104, 3, 107, 101, '2023-01-31', 'new'),
(115, 107, 107, 112, 5, 108, 101, '2023-01-31', 'new'),
(116, 107, 107, 138, 3, 108, 101, '2023-01-31', 'new'),
(117, 108, 108, 119, 3, 108, 101, '2023-01-31', 'new'),
(118, 108, 108, 120, 3, 108, 101, '2023-01-31', 'new'),
(119, 109, 109, 115, 3, 108, 101, '2023-01-31', 'new'),
(120, 109, 109, 143, 1, 108, 101, '2023-01-31', 'new'),
(121, 110, 110, 102, 3, 108, 101, '2023-01-31', 'new'),
(122, 110, 110, 105, 3, 108, 101, '2023-01-31', 'new'),
(123, 111, 111, 109, 3, 108, 101, '2023-01-31', 'new'),
(124, 111, 111, 137, 3, 108, 101, '2023-01-31', 'new'),
(125, 112, 112, 140, 3, 108, 101, '2023-01-31', 'new'),
(126, 112, 112, 141, 3, 108, 101, '2023-01-31', 'new'),
(127, 113, 113, 141, 3, 109, 101, '2023-01-31', 'new'),
(128, 113, 113, 142, 3, 109, 101, '2023-01-31', 'new'),
(129, 114, 114, 138, 4, 109, 101, '2023-01-31', 'new'),
(130, 114, 114, 140, 4, 109, 101, '2023-01-31', 'new'),
(131, 115, 115, 114, 4, 109, 101, '2023-01-31', 'new'),
(132, 115, 115, 143, 3, 109, 101, '2023-01-31', 'new'),
(133, 116, 116, 138, 3, 110, 101, '2023-01-31', 'new'),
(134, 116, 116, 113, 3, 110, 101, '2023-01-31', 'new'),
(135, 117, 117, 116, 4, 110, 101, '2023-01-31', 'new'),
(136, 117, 117, 118, 4, 110, 101, '2023-01-31', 'new'),
(137, 118, 118, 114, 4, 110, 101, '2023-01-31', 'new'),
(138, 118, 118, 113, 3, 110, 101, '2023-01-31', 'new'),
(139, 119, 119, 116, 4, 108, 101, '2023-01-31', 'new'),
(140, 119, 119, 138, 3, 108, 101, '2023-01-31', 'new');

-- --------------------------------------------------------

--
-- Table structure for table `tb_product`
--

CREATE TABLE `tb_product` (
  `product_id` int(10) NOT NULL,
  `material_id` int(10) NOT NULL,
  `product_group` int(10) NOT NULL,
  `product_mat_no` varchar(30) NOT NULL,
  `product_mat_barcode` varchar(30) NOT NULL,
  `product_mat_name_th` varchar(50) NOT NULL,
  `product_color_id` varchar(30) NOT NULL,
  `product_size_id` varchar(30) NOT NULL,
  `product_sale_price` varchar(30) NOT NULL,
  `product_sale_vat` varchar(30) NOT NULL,
  `date_create` datetime NOT NULL
) ENGINE=InnoDB DEFAULT CHARSET=utf8mb4;

--
-- Dumping data for table `tb_product`
--

INSERT INTO `tb_product` (`product_id`, `material_id`, `product_group`, `product_mat_no`, `product_mat_barcode`, `product_mat_name_th`, `product_color_id`, `product_size_id`, `product_sale_price`, `product_sale_vat`, `date_create`) VALUES
(99, 0, 99, '', '', '', '', '', '', '', '2023-01-05 00:00:00'),
(100, 100, 102, '4TM26S3569NB036', '2081120435062', 'เสื้อโปโลผู้ชาย สวทช.', 'NB', '036', '280.37', '300', '2023-01-24 10:19:14'),
(101, 100, 102, '4TM26S3569NB038', '2081120435079', 'เสื้อโปโลผู้ชาย สวทช.', 'NB', '038', '280.37', '300', '2023-01-24 10:19:14'),
(102, 100, 102, '4TM26S3569NB040', '2081120435086', 'เสื้อโปโลผู้ชาย สวทช.', 'NB', '040', '280.37', '300', '2023-01-24 10:19:14'),
(103, 100, 102, '4TM26S3569NB042', '2081120435093', 'เสื้อโปโลผู้ชาย สวทช.', 'NB', '042', '280.37', '300', '2023-01-24 10:19:14'),
(104, 100, 102, '4TM26S3569NB044', '2081120435109', 'เสื้อโปโลผู้ชาย สวทช.', 'NB', '044', '280.37', '300', '2023-01-24 10:19:14'),
(105, 100, 102, '4TM26S3569NB046', '2081120435116', 'เสื้อโปโลผู้ชาย สวทช.', 'NB', '046', '280.37', '300', '2023-01-24 10:19:14'),
(106, 100, 102, '4TM26S3569NB048', '2081120435123', 'เสื้อโปโลผู้ชาย สวทช.', 'NB', '048', '280.37', '300', '2023-01-24 10:19:14'),
(107, 100, 102, '4TM26S3569NB052', '2081120435130', 'เสื้อโปโลผู้ชาย สวทช.', 'NB', '052', '280.37', '300', '2023-01-24 10:19:14'),
(108, 100, 102, '4TM26S3569WH036', '2081120435147', 'เสื้อโปโลผู้ชาย สวทช.', 'WH', '036', '280.37', '300', '2023-01-24 10:19:14'),
(109, 100, 102, '4TM26S3569WH038', '2081120435154', 'เสื้อโปโลผู้ชาย สวทช.', 'WH', '038', '280.37', '300', '2023-01-24 10:19:14'),
(110, 100, 102, '4TM26S3569WH040', '2081120435161', 'เสื้อโปโลผู้ชาย สวทช.', 'WH', '040', '280.37', '300', '2023-01-24 10:19:14'),
(111, 100, 102, '4TM26S3569WH042', '2081120435178', 'เสื้อโปโลผู้ชาย สวทช.', 'WH', '042', '280.37', '300', '2023-01-24 10:19:14'),
(112, 100, 102, '4TM26S3569WH044', '2081120435185', 'เสื้อโปโลผู้ชาย สวทช.', 'WH', '044', '280.37', '300', '2023-01-24 10:19:14'),
(113, 100, 102, '4TM26S3569WH046', '2081120435192', 'เสื้อโปโลผู้ชาย สวทช.', 'WH', '046', '280.37', '300', '2023-01-24 10:19:14'),
(114, 100, 102, '4TM26S3569WH048', '2081120435208', 'เสื้อโปโลผู้ชาย สวทช.', 'WH', '048', '280.37', '300', '2023-01-24 10:19:14'),
(115, 100, 102, '4TM26S3569WH052', '2081120435215', 'เสื้อโปโลผู้ชาย สวทช.', 'WH', '052', '280.37', '300', '2023-01-24 10:19:14'),
(116, 100, 102, '4TW26S3570NB034', '2081120435222', 'เสื้อโปโลผู้หญิง สวทช.', 'NB', '034', '280.37', '300', '2023-01-24 10:19:14'),
(117, 100, 102, '4TW26S3570NB036', '2081120435239', 'เสื้อโปโลผู้หญิง สวทช.', 'NB', '036', '280.37', '300', '2023-01-24 10:19:14'),
(118, 100, 102, '4TW26S3570NB038', '2081120435246', 'เสื้อโปโลผู้หญิง สวทช.', 'NB', '038', '280.37', '300', '2023-01-24 10:19:14'),
(119, 100, 102, '4TW26S3570NB040', '2081120435253', 'เสื้อโปโลผู้หญิง สวทช.', 'NB', '040', '280.37', '300', '2023-01-24 10:19:14'),
(120, 100, 102, '4TW26S3570NB042', '2081120435260', 'เสื้อโปโลผู้หญิง สวทช.', 'NB', '042', '280.37', '300', '2023-01-24 10:19:14'),
(121, 100, 102, '4TW26S3570NB044', '2081120435277', 'เสื้อโปโลผู้หญิง สวทช.', 'NB', '044', '280.37', '300', '2023-01-24 10:19:14'),
(122, 100, 102, '4TW26S3570NB046', '2081120435284', 'เสื้อโปโลผู้หญิง สวทช.', 'NB', '046', '280.37', '300', '2023-01-24 10:19:14'),
(123, 100, 102, '4TW26S3570WH034', '2081120435291', 'เสื้อโปโลผู้หญิง สวทช.', 'WH', '034', '280.37', '300', '2023-01-24 10:19:14'),
(124, 100, 102, '4TW26S3570WH036', '2081120435307', 'เสื้อโปโลผู้หญิง สวทช.', 'WH', '036', '280.37', '300', '2023-01-24 10:19:14'),
(125, 100, 102, '4TW26S3570WH038', '2081120435314', 'เสื้อโปโลผู้หญิง สวทช.', 'WH', '038', '280.37', '300', '2023-01-24 10:19:14'),
(126, 100, 102, '4TW26S3570WH040', '2081120435321', 'เสื้อโปโลผู้หญิง สวทช.', 'WH', '040', '280.37', '300', '2023-01-24 10:19:14'),
(127, 100, 102, '4TW26S3570WH042', '2081120435338', 'เสื้อโปโลผู้หญิง สวทช.', 'WH', '042', '280.37', '300', '2023-01-24 10:19:14'),
(128, 100, 102, '4TW26S3570WH044', '2081120435345', 'เสื้อโปโลผู้หญิง สวทช.', 'WH', '044', '280.37', '300', '2023-01-24 10:19:14'),
(129, 100, 102, '4TW26S3570WH046', '2081120435352', 'เสื้อโปโลผู้หญิง สวทช.', 'WH', '046', '280.37', '300', '2023-01-24 10:19:14'),
(130, 100, 102, '4TM26S3567NV036', '2081120435369', 'เสื้อคอจีนผู้ชาย สวทช.', 'NV', '036', '280.37', '300', '2023-01-24 10:19:14'),
(131, 100, 102, '4TM26S3567NV038', '2081120435376', 'เสื้อคอจีนผู้ชาย สวทช.', 'NV', '038', '280.37', '300', '2023-01-24 10:19:14'),
(132, 100, 102, '4TM26S3567NV040', '2081120435383', 'เสื้อคอจีนผู้ชาย สวทช.', 'NV', '040', '280.37', '300', '2023-01-24 10:19:14'),
(133, 100, 102, '4TM26S3567NV042', '2081120435390', 'เสื้อคอจีนผู้ชาย สวทช.', 'NV', '042', '280.37', '300', '2023-01-24 10:19:14'),
(134, 100, 102, '4TM26S3567NV044', '2081120435406', 'เสื้อคอจีนผู้ชาย สวทช.', 'NV', '044', '280.37', '300', '2023-01-24 10:19:14'),
(135, 100, 102, '4TM26S3567NV046', '2081120435413', 'เสื้อคอจีนผู้ชาย สวทช.', 'NV', '046', '280.37', '300', '2023-01-24 10:19:14'),
(136, 100, 102, '4TM26S3567NV048', '2081120435420', 'เสื้อคอจีนผู้ชาย สวทช.', 'NV', '048', '280.37', '300', '2023-01-24 10:19:14'),
(137, 100, 102, '4TM26S3567NV052', '2081120435437', 'เสื้อคอจีนผู้ชาย สวทช.', 'NV', '052', '280.37', '300', '2023-01-24 10:19:14'),
(138, 100, 102, '4TW26S3568NV034', '2081120435444', 'เสื้อคอจีนผู้หญิง สวทช.', 'NV', '034', '280.37', '300', '2023-01-24 10:19:14'),
(139, 100, 102, '4TW26S3568NV036', '2081120435451', 'เสื้อคอจีนผู้หญิง สวทช.', 'NV', '036', '280.37', '300', '2023-01-24 10:19:14'),
(140, 100, 102, '4TW26S3568NV038', '2081120435468', 'เสื้อคอจีนผู้หญิง สวทช.', 'NV', '038', '280.37', '300', '2023-01-24 10:19:14'),
(141, 100, 102, '4TW26S3568NV040', '2081120435475', 'เสื้อคอจีนผู้หญิง สวทช.', 'NV', '040', '280.37', '300', '2023-01-24 10:19:14'),
(142, 100, 102, '4TW26S3568NV042', '2081120435482', 'เสื้อคอจีนผู้หญิง สวทช.', 'NV', '042', '280.37', '300', '2023-01-24 10:19:14'),
(143, 100, 102, '4TW26S3568NV044', '2081120435499', 'เสื้อคอจีนผู้หญิง สวทช.', 'NV', '044', '280.37', '300', '2023-01-24 10:19:14'),
(144, 100, 102, '4TW26S3568NV046', '2081120435505', 'เสื้อคอจีนผู้หญิง สวทช.', 'NV', '046', '280.37', '300', '2023-01-24 10:19:14'),
(145, 100, 105, '4TM26S3466OR00F', '2081120425575', 'เสื้อโปโลผู้ชาย Ovaltine', 'OR', '00F', '', '', '2023-01-31 11:46:09'),
(146, 100, 105, '4TM26S3466OR00L', '2081120425582', 'เสื้อโปโลผู้ชาย Ovaltine', 'OR', '00L', '', '', '2023-01-31 11:46:09'),
(147, 100, 105, '4TM26S3466OR00M', '2081120425599', 'เสื้อโปโลผู้ชาย Ovaltine', 'OR', '00M', '', '', '2023-01-31 11:46:09'),
(148, 100, 105, '4TM26S3466OR00S', '2081120425605', 'เสื้อโปโลผู้ชาย Ovaltine', 'OR', '00S', '', '', '2023-01-31 11:46:09'),
(149, 100, 105, '4TM26S3466OR0SS', '2081120425612', 'เสื้อโปโลผู้ชาย Ovaltine', 'OR', '0SS', '', '', '2023-01-31 11:46:09'),
(150, 100, 105, '4TM26S3466OR0XL', '2081120425629', 'เสื้อโปโลผู้ชาย Ovaltine', 'OR', '0XL', '', '', '2023-01-31 11:46:09'),
(151, 100, 105, '4TM26S3466OR2XL', '2081120425636', 'เสื้อโปโลผู้ชาย Ovaltine', 'OR', '2XL', '', '', '2023-01-31 11:46:09'),
(152, 100, 105, '4TM26S3466OR3XL', '2081120425643', 'เสื้อโปโลผู้ชาย Ovaltine', 'OR', '3XL', '', '', '2023-01-31 11:46:09'),
(153, 100, 105, '4TM26S3466OR4XL', '2081120425650', 'เสื้อโปโลผู้ชาย Ovaltine', 'OR', '4XL', '', '', '2023-01-31 11:46:09'),
(154, 100, 105, '4TM26S3466OR5XL', '2081120425667', 'เสื้อโปโลผู้ชาย Ovaltine', 'OR', '5XL', '', '', '2023-01-31 11:46:09'),
(155, 100, 105, '4TM26S3468RE00F', '2081120425773', 'เสื้อคอจีนผู้ชาย Ovaltine', 'RE', '00F', '', '', '2023-01-31 11:46:09'),
(156, 100, 105, '4TM26S3468RE00L', '2081120425780', 'เสื้อคอจีนผู้ชาย Ovaltine', 'RE', '00L', '', '', '2023-01-31 11:46:09'),
(157, 100, 105, '4TM26S3468RE00M', '2081120425797', 'เสื้อคอจีนผู้ชาย Ovaltine', 'RE', '00M', '', '', '2023-01-31 11:46:09'),
(158, 100, 105, '4TM26S3468RE00S', '2081120425803', 'เสื้อคอจีนผู้ชาย Ovaltine', 'RE', '00S', '', '', '2023-01-31 11:46:09'),
(159, 100, 105, '4TM26S3468RE0SS', '2081120425810', 'เสื้อคอจีนผู้ชาย Ovaltine', 'RE', '0SS', '', '', '2023-01-31 11:46:09'),
(160, 100, 105, '4TM26S3468RE0XL', '2081120425827', 'เสื้อคอจีนผู้ชาย Ovaltine', 'RE', '0XL', '', '', '2023-01-31 11:46:09'),
(161, 100, 105, '4TM26S3468RE2XL', '2081120425834', 'เสื้อคอจีนผู้ชาย Ovaltine', 'RE', '2XL', '', '', '2023-01-31 11:46:09'),
(162, 100, 105, '4TM26S3468RE3XL', '2081120425841', 'เสื้อคอจีนผู้ชาย Ovaltine', 'RE', '3XL', '', '', '2023-01-31 11:46:09'),
(163, 100, 105, '4TM26S3468RE4XL', '2081120425858', 'เสื้อคอจีนผู้ชาย Ovaltine', 'RE', '4XL', '', '', '2023-01-31 11:46:09'),
(164, 100, 105, '4TM26S3468RE5XL', '2081120425865', 'เสื้อคอจีนผู้ชาย Ovaltine', 'RE', '5XL', '', '', '2023-01-31 11:46:09'),
(165, 100, 105, '4TM42L3470WH00F', '2081120425377', 'เสื้อเชิ๊ตผู้ชาย Ovaltine', 'WH', '00F', '', '', '2023-01-31 11:46:09'),
(166, 100, 105, '4TM42L3470WH00L', '2081120425384', 'เสื้อเชิ๊ตผู้ชาย Ovaltine', 'WH', '00L', '', '', '2023-01-31 11:46:09'),
(167, 100, 105, '4TM42L3470WH00M', '2081120425391', 'เสื้อเชิ๊ตผู้ชาย Ovaltine', 'WH', '00M', '', '', '2023-01-31 11:46:09'),
(168, 100, 105, '4TM42L3470WH00S', '2081120425407', 'เสื้อเชิ๊ตผู้ชาย Ovaltine', 'WH', '00S', '', '', '2023-01-31 11:46:09'),
(169, 100, 105, '4TM42L3470WH0SS', '2081120425414', 'เสื้อเชิ๊ตผู้ชาย Ovaltine', 'WH', '0SS', '', '', '2023-01-31 11:46:09'),
(170, 100, 105, '4TM42L3470WH0XL', '2081120425421', 'เสื้อเชิ๊ตผู้ชาย Ovaltine', 'WH', '0XL', '', '', '2023-01-31 11:46:09'),
(171, 100, 105, '4TM42L3470WH2XL', '2081120425438', 'เสื้อเชิ๊ตผู้ชาย Ovaltine', 'WH', '2XL', '', '', '2023-01-31 11:46:09'),
(172, 100, 105, '4TM42L3470WH3XL', '2081120425445', 'เสื้อเชิ๊ตผู้ชาย Ovaltine', 'WH', '3XL', '', '', '2023-01-31 11:46:09'),
(173, 100, 105, '4TM42L3470WH4XL', '2081120425452', 'เสื้อเชิ๊ตผู้ชาย Ovaltine', 'WH', '4XL', '', '', '2023-01-31 11:46:09'),
(174, 100, 105, '4TM42L3470WH5XL', '2081120425469', 'เสื้อเชิ๊ตผู้ชาย Ovaltine', 'WH', '5XL', '', '', '2023-01-31 11:46:09'),
(175, 100, 105, '4TM45L3472BL00F', '2081120425209', 'กางเกงผู้ชาย Ovaltine', 'BL', '00F', '450', '482', '2023-01-31 11:46:09'),
(176, 100, 105, '4TM45L3472BL028', '2081120428842', 'กางเกงผู้ชาย Ovaltine', 'BL', '028', '450', '482', '2023-01-31 11:46:09'),
(177, 100, 105, '4TM45L3472BL029', '2081120425216', 'กางเกงผู้ชาย Ovaltine', 'BL', '029', '450', '482', '2023-01-31 11:46:09'),
(178, 100, 105, '4TM45L3472BL030', '2081120425223', 'กางเกงผู้ชาย Ovaltine', 'BL', '030', '450', '482', '2023-01-31 11:46:09'),
(179, 100, 105, '4TM45L3472BL031', '2081120425230', 'กางเกงผู้ชาย Ovaltine', 'BL', '031', '450', '482', '2023-01-31 11:46:09'),
(180, 100, 105, '4TM45L3472BL032', '2081120425247', 'กางเกงผู้ชาย Ovaltine', 'BL', '032', '450', '482', '2023-01-31 11:46:09'),
(181, 100, 105, '4TM45L3472BL033', '2081120425254', 'กางเกงผู้ชาย Ovaltine', 'BL', '033', '450', '482', '2023-01-31 11:46:09'),
(182, 100, 105, '4TM45L3472BL034', '2081120425261', 'กางเกงผู้ชาย Ovaltine', 'BL', '034', '450', '482', '2023-01-31 11:46:09'),
(183, 100, 105, '4TM45L3472BL035', '2081120425278', 'กางเกงผู้ชาย Ovaltine', 'BL', '035', '450', '482', '2023-01-31 11:46:09'),
(184, 100, 105, '4TM45L3472BL036', '2081120425285', 'กางเกงผู้ชาย Ovaltine', 'BL', '036', '450', '482', '2023-01-31 11:46:09'),
(185, 100, 105, '4TM45L3472BL037', '2081120425292', 'กางเกงผู้ชาย Ovaltine', 'BL', '037', '450', '482', '2023-01-31 11:46:09'),
(186, 100, 105, '4TM45L3472BL038', '2081120425308', 'กางเกงผู้ชาย Ovaltine', 'BL', '038', '450', '482', '2023-01-31 11:46:09'),
(187, 100, 105, '4TM45L3472BL039', '2081120425315', 'กางเกงผู้ชาย Ovaltine', 'BL', '039', '450', '482', '2023-01-31 11:46:09'),
(188, 100, 105, '4TM45L3472BL040', '2081120425322', 'กางเกงผู้ชาย Ovaltine', 'BL', '040', '450', '482', '2023-01-31 11:46:09'),
(189, 100, 105, '4TM45L3472BL041', '2081120425339', 'กางเกงผู้ชาย Ovaltine', 'BL', '041', '450', '482', '2023-01-31 11:46:09'),
(190, 100, 105, '4TM45L3472BL042', '2081120425346', 'กางเกงผู้ชาย Ovaltine', 'BL', '042', '450', '482', '2023-01-31 11:46:09'),
(191, 100, 105, '4TM45L3472BL043', '2081120425353', 'กางเกงผู้ชาย Ovaltine', 'BL', '043', '450', '482', '2023-01-31 11:46:09'),
(192, 100, 105, '4TM45L3472BL044', '2081120425360', 'กางเกงผู้ชาย Ovaltine', 'BL', '044', '450', '482', '2023-01-31 11:46:09'),
(193, 100, 105, '4TW26S3467OR00F', '2081120425674', 'เสื้อโปโลผู้หญิง Ovaltine', 'OR', '00F', '', '', '2023-01-31 11:46:09'),
(194, 100, 105, '4TW26S3467OR00L', '2081120425681', 'เสื้อโปโลผู้หญิง Ovaltine', 'OR', '00L', '', '', '2023-01-31 11:46:09'),
(195, 100, 105, '4TW26S3467OR00M', '2081120425698', 'เสื้อโปโลผู้หญิง Ovaltine', 'OR', '00M', '', '', '2023-01-31 11:46:09'),
(196, 100, 105, '4TW26S3467OR00S', '2081120425704', 'เสื้อโปโลผู้หญิง Ovaltine', 'OR', '00S', '', '', '2023-01-31 11:46:09'),
(197, 100, 105, '4TW26S3467OR0SS', '2081120425711', 'เสื้อโปโลผู้หญิง Ovaltine', 'OR', '0SS', '', '', '2023-01-31 11:46:09'),
(198, 100, 105, '4TW26S3467OR0XL', '2081120425728', 'เสื้อโปโลผู้หญิง Ovaltine', 'OR', '0XL', '', '', '2023-01-31 11:46:09'),
(199, 100, 105, '4TW26S3467OR2XL', '2081120425735', 'เสื้อโปโลผู้หญิง Ovaltine', 'OR', '2XL', '', '', '2023-01-31 11:46:09'),
(200, 100, 105, '4TW26S3467OR3XL', '2081120425742', 'เสื้อโปโลผู้หญิง Ovaltine', 'OR', '3XL', '', '', '2023-01-31 11:46:09'),
(201, 100, 105, '4TW26S3467OR4XL', '2081120425759', 'เสื้อโปโลผู้หญิง Ovaltine', 'OR', '4XL', '', '', '2023-01-31 11:46:09'),
(202, 100, 105, '4TW26S3467OR5XL', '2081120425766', 'เสื้อโปโลผู้หญิง Ovaltine', 'OR', '5XL', '', '', '2023-01-31 11:46:09'),
(203, 100, 105, '4TW26S3469RE00F', '2081120425872', 'เสื้อคอจีนผู้หญิง Ovaltine', 'RE', '00F', '', '', '2023-01-31 11:46:09'),
(204, 100, 105, '4TW26S3469RE00L', '2081120425889', 'เสื้อคอจีนผู้หญิง Ovaltine', 'RE', '00L', '', '', '2023-01-31 11:46:09'),
(205, 100, 105, '4TW26S3469RE00M', '2081120425896', 'เสื้อคอจีนผู้หญิง Ovaltine', 'RE', '00M', '', '', '2023-01-31 11:46:09'),
(206, 100, 105, '4TW26S3469RE00S', '2081120425902', 'เสื้อคอจีนผู้หญิง Ovaltine', 'RE', '00S', '', '', '2023-01-31 11:46:09'),
(207, 100, 105, '4TW26S3469RE0SS', '2081120425919', 'เสื้อคอจีนผู้หญิง Ovaltine', 'RE', '0SS', '', '', '2023-01-31 11:46:09'),
(208, 100, 105, '4TW26S3469RE0XL', '2081120425926', 'เสื้อคอจีนผู้หญิง Ovaltine', 'RE', '0XL', '', '', '2023-01-31 11:46:09'),
(209, 100, 105, '4TW26S3469RE2XL', '2081120425933', 'เสื้อคอจีนผู้หญิง Ovaltine', 'RE', '2XL', '', '', '2023-01-31 11:46:09'),
(210, 100, 105, '4TW26S3469RE3XL', '2081120425940', 'เสื้อคอจีนผู้หญิง Ovaltine', 'RE', '3XL', '', '', '2023-01-31 11:46:09'),
(211, 100, 105, '4TW26S3469RE4XL', '2081120425957', 'เสื้อคอจีนผู้หญิง Ovaltine', 'RE', '4XL', '', '', '2023-01-31 11:46:09'),
(212, 100, 105, '4TW26S3469RE5XL', '2081120425964', 'เสื้อคอจีนผู้หญิง Ovaltine', 'RE', '5XL', '', '', '2023-01-31 11:46:09'),
(213, 100, 105, '4TW42L3471WH00F', '2081120425476', 'เสื้อเชิ๊ตผู้หญิง Ovaltine', 'WH', '00F', '', '', '2023-01-31 11:46:09'),
(214, 100, 105, '4TW42L3471WH00L', '2081120425483', 'เสื้อเชิ๊ตผู้หญิง Ovaltine', 'WH', '00L', '', '', '2023-01-31 11:46:09'),
(215, 100, 105, '4TW42L3471WH00M', '2081120425490', 'เสื้อเชิ๊ตผู้หญิง Ovaltine', 'WH', '00M', '', '', '2023-01-31 11:46:09'),
(216, 100, 105, '4TW42L3471WH00S', '2081120425506', 'เสื้อเชิ๊ตผู้หญิง Ovaltine', 'WH', '00S', '', '', '2023-01-31 11:46:09'),
(217, 100, 105, '4TW42L3471WH0SS', '2081120425513', 'เสื้อเชิ๊ตผู้หญิง Ovaltine', 'WH', '0SS', '', '', '2023-01-31 11:46:09'),
(218, 100, 105, '4TW42L3471WH0XL', '2081120425520', 'เสื้อเชิ๊ตผู้หญิง Ovaltine', 'WH', '0XL', '', '', '2023-01-31 11:46:09'),
(219, 100, 105, '4TW42L3471WH2XL', '2081120425537', 'เสื้อเชิ๊ตผู้หญิง Ovaltine', 'WH', '2XL', '', '', '2023-01-31 11:46:09'),
(220, 100, 105, '4TW42L3471WH3XL', '2081120425544', 'เสื้อเชิ๊ตผู้หญิง Ovaltine', 'WH', '3XL', '', '', '2023-01-31 11:46:09'),
(221, 100, 105, '4TW42L3471WH4XL', '2081120425551', 'เสื้อเชิ๊ตผู้หญิง Ovaltine', 'WH', '4XL', '', '', '2023-01-31 11:46:09'),
(222, 100, 105, '4TW42L3471WH5XL', '2081120425568', 'เสื้อเชิ๊ตผู้หญิง Ovaltine', 'WH', '5XL', '', '', '2023-01-31 11:46:09'),
(223, 100, 105, '4TW45L3474BL00F', '2081120424806', 'กางเกงผู้หญิง ขากระบอก Ovaltine', 'BL', '00F', '', '', '2023-01-31 11:46:09'),
(224, 100, 105, '4TW45L3474BL024', '2081120424813', 'กางเกงผู้หญิง ขากระบอก Ovaltine', 'BL', '024', '', '', '2023-01-31 11:46:09'),
(225, 100, 105, '4TW45L3474BL025', '2081120424820', 'กางเกงผู้หญิง ขากระบอก Ovaltine', 'BL', '025', '', '', '2023-01-31 11:46:09'),
(226, 100, 105, '4TW45L3474BL026', '2081120424837', 'กางเกงผู้หญิง ขากระบอก Ovaltine', 'BL', '026', '', '', '2023-01-31 11:46:09'),
(227, 100, 105, '4TW45L3474BL027', '2081120424844', 'กางเกงผู้หญิง ขากระบอก Ovaltine', 'BL', '027', '', '', '2023-01-31 11:46:09'),
(228, 100, 105, '4TW45L3474BL028', '2081120424851', 'กางเกงผู้หญิง ขากระบอก Ovaltine', 'BL', '028', '', '', '2023-01-31 11:46:09'),
(229, 100, 105, '4TW45L3474BL029', '2081120424868', 'กางเกงผู้หญิง ขากระบอก Ovaltine', 'BL', '029', '', '', '2023-01-31 11:46:09'),
(230, 100, 105, '4TW45L3474BL030', '2081120424875', 'กางเกงผู้หญิง ขากระบอก Ovaltine', 'BL', '030', '', '', '2023-01-31 11:46:09'),
(231, 100, 105, '4TW45L3474BL031', '2081120424882', 'กางเกงผู้หญิง ขากระบอก Ovaltine', 'BL', '031', '', '', '2023-01-31 11:46:09'),
(232, 100, 105, '4TW45L3474BL032', '2081120424899', 'กางเกงผู้หญิง ขากระบอก Ovaltine', 'BL', '032', '', '', '2023-01-31 11:46:09'),
(233, 100, 105, '4TW45L3474BL033', '2081120424905', 'กางเกงผู้หญิง ขากระบอก Ovaltine', 'BL', '033', '', '', '2023-01-31 11:46:09'),
(234, 100, 105, '4TW45L3474BL034', '2081120424912', 'กางเกงผู้หญิง ขากระบอก Ovaltine', 'BL', '034', '', '', '2023-01-31 11:46:09'),
(235, 100, 105, '4TW45L3474BL035', '2081120424929', 'กางเกงผู้หญิง ขากระบอก Ovaltine', 'BL', '035', '', '', '2023-01-31 11:46:09'),
(236, 100, 105, '4TW45L3474BL036', '2081120424936', 'กางเกงผู้หญิง ขากระบอก Ovaltine', 'BL', '036', '', '', '2023-01-31 11:46:09'),
(237, 100, 105, '4TW45L3474BL037', '2081120424943', 'กางเกงผู้หญิง ขากระบอก Ovaltine', 'BL', '037', '', '', '2023-01-31 11:46:09'),
(238, 100, 105, '4TW45L3474BL038', '2081120424950', 'กางเกงผู้หญิง ขากระบอก Ovaltine', 'BL', '038', '', '', '2023-01-31 11:46:09'),
(239, 100, 105, '4TW45L3474BL039', '2081120424967', 'กางเกงผู้หญิง ขากระบอก Ovaltine', 'BL', '039', '', '', '2023-01-31 11:46:09'),
(240, 100, 105, '4TW45L3474BL040', '2081120424974', 'กางเกงผู้หญิง ขากระบอก Ovaltine', 'BL', '040', '', '', '2023-01-31 11:46:09'),
(241, 100, 105, '4TW45L3474BL041', '2081120424981', 'กางเกงผู้หญิง ขากระบอก Ovaltine', 'BL', '041', '', '', '2023-01-31 11:46:09'),
(242, 100, 105, '4TW45L3474BL042', '2081120424998', 'กางเกงผู้หญิง ขากระบอก Ovaltine', 'BL', '042', '', '', '2023-01-31 11:46:09');

--
-- Indexes for dumped tables
--

--
-- Indexes for table `ou_orderupload`
--
ALTER TABLE `ou_orderupload`
  ADD PRIMARY KEY (`order_id`),
  ADD KEY `doc_id` (`doc_id`);

--
-- Indexes for table `tb_company`
--
ALTER TABLE `tb_company`
  ADD PRIMARY KEY (`company_id`);

--
-- Indexes for table `tb_customer`
--
ALTER TABLE `tb_customer`
  ADD PRIMARY KEY (`customer_id`);

--
-- Indexes for table `tb_department`
--
ALTER TABLE `tb_department`
  ADD PRIMARY KEY (`department_id`),
  ADD KEY `company_id` (`company_id`);

--
-- Indexes for table `tb_doc`
--
ALTER TABLE `tb_doc`
  ADD PRIMARY KEY (`doc_id`);

--
-- Indexes for table `tb_material`
--
ALTER TABLE `tb_material`
  ADD PRIMARY KEY (`material_id`);

--
-- Indexes for table `tb_order`
--
ALTER TABLE `tb_order`
  ADD PRIMARY KEY (`order_id`),
  ADD KEY `user_id` (`customer_id`),
  ADD KEY `product_id` (`product_id`),
  ADD KEY `department_id` (`company_id`),
  ADD KEY `doc_id` (`doc_id`),
  ADD KEY `department_id_2` (`department_id`);

--
-- Indexes for table `tb_product`
--
ALTER TABLE `tb_product`
  ADD PRIMARY KEY (`product_id`),
  ADD KEY `product_mat_no` (`product_mat_no`,`product_mat_barcode`),
  ADD KEY `material_id` (`material_id`);
COMMIT;

/*!40101 SET CHARACTER_SET_CLIENT=@OLD_CHARACTER_SET_CLIENT */;
/*!40101 SET CHARACTER_SET_RESULTS=@OLD_CHARACTER_SET_RESULTS */;
/*!40101 SET COLLATION_CONNECTION=@OLD_COLLATION_CONNECTION */;
